{
    "banner": "banner.jpeg",
    "title": "Bergabunglah dengan Komisi Anak",
    "type": "poster",
    "date-created": "2024-07-12",
    "article-url": "",
    "poster-image": "poster.jpg",
    "poster-caption": "Lorem ipsum dolor sit amet, consectetur adipiscing elit. Phasellus eu venenatis metus, eu dictum nisl. Aenean vestibulum enim orci, eget pellentesque nunc dignissim eu. Cras quam lorem, condimentum porta quam nec, pulvinar pellentesque ante. Maecenas cursus orci sed euismod commodo. Vestibulum erat urna, condimentum nec tortor ut, lobortis scelerisque diam. Morbi cursus aliquet ligula, vitae vestibulum ligula tempor sed. Donec congue, felis et egestas fringilla, risus libero interdum ante, sed fringilla arcu nulla eget ante. Sed ac ornare lectus.",
    "yt-link": ""
}
